{
    "$schema": "https://schema.management.azure.com/schemas/2015-01-01/deploymentParameters.json#",
    "contentVersion": "1.0.0.0",
    "parameters": {
        "factoryName": {
            "value": "dfIMdbProject"
        },
        "AzureDataLakeStorageIMdbProjectLinkedService_accountKey": {
            "value": ""
        },
        "AzureDatabricks1_accessToken": {
            "value": ""
        },
        "CosmosDbLinkedService_connectionString": {
            "value": ""
        },
        "AzureTableStorage1_connectionString": {
            "value": ""
        },
        "dbrickscluster_imdbproject_accessToken": {
            "value": ""
        },
        "AzureDataLakeStorageIMdbProjectLinkedService_properties_typeProperties_url": {
            "value": "https://adlsimdbproject.dfs.core.windows.net"
        },
        "HttpIMdbProjectLinkedService_properties_typeProperties_url": {
            "value": "https://datasets.imdbws.com/"
        },
        "AzureKeyVaultConnection_properties_typeProperties_baseUrl": {
            "value": "https://kv-datapractice.vault.azure.net/"
        },
        "AzureSqlDatabaseIMdbProjectLinkedService_properties_typeProperties_connectionString_secretName": {
            "value": "sqldatabase"
        },
        "AzureBlobStorageLinkedService_properties_typeProperties_connectionString_secretName": {
            "value": "kv-saimdbproject"
        }
    }
}