{
    "$schema": "http://schema.management.azure.com/schemas/2015-01-01/deploymentTemplate.json#",
    "contentVersion": "1.0.0.0",
    "parameters": {
        "factoryName": {
            "type": "string",
            "metadata": "Data Factory name",
            "defaultValue": "dfIMdbProject"
        },
        "AzureDataLakeStorageIMdbProjectLinkedService_accountKey": {
            "type": "secureString",
            "metadata": "Secure string for 'accountKey' of 'AzureDataLakeStorageIMdbProjectLinkedService'"
        },
        "AzureDatabricks1_accessToken": {
            "type": "secureString",
            "metadata": "Secure string for 'accessToken' of 'AzureDatabricks1'"
        },
        "CosmosDbLinkedService_connectionString": {
            "type": "secureString",
            "metadata": "Secure string for 'connectionString' of 'CosmosDbLinkedService'"
        },
        "AzureTableStorage1_connectionString": {
            "type": "secureString",
            "metadata": "Secure string for 'connectionString' of 'AzureTableStorage1'"
        },
        "dbrickscluster_imdbproject_accessToken": {
            "type": "secureString",
            "metadata": "Secure string for 'accessToken' of 'dbrickscluster_imdbproject'"
        },
        "AzureDataLakeStorageIMdbProjectLinkedService_properties_typeProperties_url": {
            "type": "string",
            "defaultValue": "https://adlsimdbproject.dfs.core.windows.net"
        },
        "HttpIMdbProjectLinkedService_properties_typeProperties_url": {
            "type": "string",
            "defaultValue": "https://datasets.imdbws.com/"
        },
        "AzureKeyVaultConnection_properties_typeProperties_baseUrl": {
            "type": "string",
            "defaultValue": "https://kv-datapractice.vault.azure.net/"
        },
        "AzureSqlDatabaseIMdbProjectLinkedService_properties_typeProperties_connectionString_secretName": {
            "type": "string",
            "defaultValue": "sqldatabase"
        },
        "AzureBlobStorageLinkedService_properties_typeProperties_connectionString_secretName": {
            "type": "string",
            "defaultValue": "kv-saimdbproject"
        }
    },
    "variables": {
        "factoryId": "[concat('Microsoft.DataFactory/factories/', parameters('factoryName'))]"
    },
    "resources": [
        {
            "name": "[concat(parameters('factoryName'), '/AzureDataLakeStorageIMdbProjectLinkedService')]",
            "type": "Microsoft.DataFactory/factories/linkedServices",
            "apiVersion": "2018-06-01",
            "properties": {
                "annotations": [],
                "type": "AzureBlobFS",
                "typeProperties": {
                    "url": "[parameters('AzureDataLakeStorageIMdbProjectLinkedService_properties_typeProperties_url')]",
                    "accountKey": {
                        "type": "SecureString",
                        "value": "[parameters('AzureDataLakeStorageIMdbProjectLinkedService_accountKey')]"
                    }
                }
            },
            "dependsOn": []
        },
        {
            "name": "[concat(parameters('factoryName'), '/HttpIMdbProjectLinkedService')]",
            "type": "Microsoft.DataFactory/factories/linkedServices",
            "apiVersion": "2018-06-01",
            "properties": {
                "annotations": [],
                "type": "HttpServer",
                "typeProperties": {
                    "url": "[parameters('HttpIMdbProjectLinkedService_properties_typeProperties_url')]",
                    "enableServerCertificateValidation": true,
                    "authenticationType": "Anonymous"
                }
            },
            "dependsOn": []
        },
        {
            "name": "[concat(parameters('factoryName'), '/AzureKeyVaultConnection')]",
            "type": "Microsoft.DataFactory/factories/linkedServices",
            "apiVersion": "2018-06-01",
            "properties": {
                "annotations": [],
                "type": "AzureKeyVault",
                "typeProperties": {
                    "baseUrl": "[parameters('AzureKeyVaultConnection_properties_typeProperties_baseUrl')]"
                }
            },
            "dependsOn": []
        },
        {
            "name": "[concat(parameters('factoryName'), '/AzureDatabricks1')]",
            "type": "Microsoft.DataFactory/factories/linkedServices",
            "apiVersion": "2018-06-01",
            "properties": {
                "annotations": [],
                "type": "AzureDatabricks",
                "typeProperties": {
                    "domain": "https://adb-5763381100903348.8.azuredatabricks.net",
                    "accessToken": {
                        "type": "SecureString",
                        "value": "[parameters('AzureDatabricks1_accessToken')]"
                    },
                    "newClusterNodeType": "Standard_DS3_v2",
                    "newClusterNumOfWorker": "1",
                    "newClusterSparkEnvVars": {
                        "PYSPARK_PYTHON": "/databricks/python3/bin/python3"
                    },
                    "newClusterVersion": "7.5.x-scala2.12"
                }
            },
            "dependsOn": []
        },
        {
            "name": "[concat(parameters('factoryName'), '/CosmosDbLinkedService')]",
            "type": "Microsoft.DataFactory/factories/linkedServices",
            "apiVersion": "2018-06-01",
            "properties": {
                "annotations": [],
                "type": "CosmosDb",
                "typeProperties": {
                    "connectionString": "[parameters('CosmosDbLinkedService_connectionString')]"
                }
            },
            "dependsOn": []
        },
        {
            "name": "[concat(parameters('factoryName'), '/AzureTableStorage1')]",
            "type": "Microsoft.DataFactory/factories/linkedServices",
            "apiVersion": "2018-06-01",
            "properties": {
                "annotations": [],
                "type": "AzureTableStorage",
                "typeProperties": {
                    "connectionString": "[parameters('AzureTableStorage1_connectionString')]"
                }
            },
            "dependsOn": []
        },
        {
            "name": "[concat(parameters('factoryName'), '/dbrickscluster_imdbproject')]",
            "type": "Microsoft.DataFactory/factories/linkedServices",
            "apiVersion": "2018-06-01",
            "properties": {
                "annotations": [],
                "type": "AzureDatabricks",
                "typeProperties": {
                    "domain": "https://adb-5763381100903348.8.azuredatabricks.net",
                    "accessToken": {
                        "type": "SecureString",
                        "value": "[parameters('dbrickscluster_imdbproject_accessToken')]"
                    },
                    "existingClusterId": "0226-204255-heels370"
                }
            },
            "dependsOn": []
        },
        {
            "name": "[concat(parameters('factoryName'), '/ADLS_IMdb')]",
            "type": "Microsoft.DataFactory/factories/datasets",
            "apiVersion": "2018-06-01",
            "properties": {
                "linkedServiceName": {
                    "referenceName": "AzureDataLakeStorageIMdbProjectLinkedService",
                    "type": "LinkedServiceReference"
                },
                "parameters": {
                    "Container": {
                        "type": "string",
                        "defaultValue": "Container"
                    },
                    "Folder": {
                        "type": "string",
                        "defaultValue": "Folder"
                    },
                    "FileName": {
                        "type": "string",
                        "defaultValue": "FileName"
                    }
                },
                "folder": {
                    "name": "IMdb_Datasets/ADLS to ASQL"
                },
                "annotations": [],
                "type": "DelimitedText",
                "typeProperties": {
                    "location": {
                        "type": "AzureBlobFSLocation",
                        "fileName": {
                            "value": "@dataset().FileName",
                            "type": "Expression"
                        },
                        "folderPath": {
                            "value": "@dataset().Folder",
                            "type": "Expression"
                        },
                        "fileSystem": {
                            "value": "@dataset().Container",
                            "type": "Expression"
                        }
                    },
                    "columnDelimiter": "\t",
                    "escapeChar": "\\",
                    "firstRowAsHeader": true,
                    "quoteChar": "\""
                },
                "schema": []
            },
            "dependsOn": [
                "[concat(variables('factoryId'), '/linkedServices/AzureDataLakeStorageIMdbProjectLinkedService')]"
            ]
        },
        {
            "name": "[concat(parameters('factoryName'), '/HTTP_IMdb')]",
            "type": "Microsoft.DataFactory/factories/datasets",
            "apiVersion": "2018-06-01",
            "properties": {
                "linkedServiceName": {
                    "referenceName": "HttpIMdbProjectLinkedService",
                    "type": "LinkedServiceReference"
                },
                "parameters": {
                    "SourceFileName": {
                        "type": "string",
                        "defaultValue": "SourceFileName"
                    }
                },
                "folder": {
                    "name": "IMdb_Datasets/HTTP To Blob"
                },
                "annotations": [],
                "type": "DelimitedText",
                "typeProperties": {
                    "location": {
                        "type": "HttpServerLocation",
                        "relativeUrl": {
                            "value": "@dataset().SourceFileName",
                            "type": "Expression"
                        }
                    },
                    "columnDelimiter": ",",
                    "compressionCodec": "gzip",
                    "compressionLevel": "Optimal",
                    "escapeChar": "\\",
                    "quoteChar": "\""
                },
                "schema": []
            },
            "dependsOn": [
                "[concat(variables('factoryId'), '/linkedServices/HttpIMdbProjectLinkedService')]"
            ]
        },
        {
            "name": "[concat(parameters('factoryName'), '/Binary_ADLS_IMdb')]",
            "type": "Microsoft.DataFactory/factories/datasets",
            "apiVersion": "2018-06-01",
            "properties": {
                "linkedServiceName": {
                    "referenceName": "AzureDataLakeStorageIMdbProjectLinkedService",
                    "type": "LinkedServiceReference"
                },
                "parameters": {
                    "DestinationContainer": {
                        "type": "string",
                        "defaultValue": "DestinationContainer"
                    },
                    "DestinationFolder": {
                        "type": "string",
                        "defaultValue": "DestinationFolder"
                    }
                },
                "folder": {
                    "name": "IMdb_Datasets/Binary Datasets"
                },
                "annotations": [],
                "type": "Binary",
                "typeProperties": {
                    "location": {
                        "type": "AzureBlobFSLocation",
                        "folderPath": {
                            "value": "@dataset().DestinationFolder",
                            "type": "Expression"
                        },
                        "fileSystem": {
                            "value": "@dataset().DestinationContainer",
                            "type": "Expression"
                        }
                    }
                }
            },
            "dependsOn": [
                "[concat(variables('factoryId'), '/linkedServices/AzureDataLakeStorageIMdbProjectLinkedService')]"
            ]
        },
        {
            "name": "[concat(parameters('factoryName'), '/CosmosDb')]",
            "type": "Microsoft.DataFactory/factories/datasets",
            "apiVersion": "2018-06-01",
            "properties": {
                "linkedServiceName": {
                    "referenceName": "CosmosDbLinkedService",
                    "type": "LinkedServiceReference"
                },
                "folder": {
                    "name": "IMdb_Datasets/ASQL to Cosmos DB"
                },
                "annotations": [],
                "type": "CosmosDbSqlApiCollection",
                "schema": {},
                "typeProperties": {
                    "collectionName": "RatedMovies"
                }
            },
            "dependsOn": [
                "[concat(variables('factoryId'), '/linkedServices/CosmosDbLinkedService')]"
            ]
        },
        {
            "name": "[concat(parameters('factoryName'), '/episode_table')]",
            "type": "Microsoft.DataFactory/factories/datasets",
            "apiVersion": "2018-06-01",
            "properties": {
                "linkedServiceName": {
                    "referenceName": "AzureTableStorage1",
                    "type": "LinkedServiceReference"
                },
                "annotations": [],
                "type": "AzureTable",
                "schema": [],
                "typeProperties": {
                    "tableName": "episodev2"
                }
            },
            "dependsOn": [
                "[concat(variables('factoryId'), '/linkedServices/AzureTableStorage1')]"
            ]
        },
        {
            "name": "[concat(parameters('factoryName'), '/episode_parquet')]",
            "type": "Microsoft.DataFactory/factories/datasets",
            "apiVersion": "2018-06-01",
            "properties": {
                "linkedServiceName": {
                    "referenceName": "AzureDataLakeStorageIMdbProjectLinkedService",
                    "type": "LinkedServiceReference"
                },
                "annotations": [],
                "type": "Parquet",
                "typeProperties": {
                    "location": {
                        "type": "AzureBlobFSLocation",
                        "folderPath": "episode",
                        "fileSystem": "parquet"
                    },
                    "compressionCodec": "snappy"
                },
                "schema": [
                    {
                        "name": "tconst",
                        "type": "UTF8"
                    },
                    {
                        "name": "parentTconst",
                        "type": "UTF8"
                    },
                    {
                        "name": "seasonNumber",
                        "type": "UTF8"
                    },
                    {
                        "name": "episodeNumber",
                        "type": "UTF8"
                    }
                ]
            },
            "dependsOn": [
                "[concat(variables('factoryId'), '/linkedServices/AzureDataLakeStorageIMdbProjectLinkedService')]"
            ]
        },
        {
            "name": "[concat(parameters('factoryName'), '/AzureSqlDatabaseIMdbProjectLinkedService')]",
            "type": "Microsoft.DataFactory/factories/linkedServices",
            "apiVersion": "2018-06-01",
            "properties": {
                "annotations": [],
                "type": "AzureSqlDatabase",
                "typeProperties": {
                    "connectionString": {
                        "type": "AzureKeyVaultSecret",
                        "store": {
                            "referenceName": "AzureKeyVaultConnection",
                            "type": "LinkedServiceReference"
                        },
                        "secretName": "[parameters('AzureSqlDatabaseIMdbProjectLinkedService_properties_typeProperties_connectionString_secretName')]"
                    }
                }
            },
            "dependsOn": [
                "[concat(variables('factoryId'), '/linkedServices/AzureKeyVaultConnection')]"
            ]
        },
        {
            "name": "[concat(parameters('factoryName'), '/AzureBlobStorageLinkedService')]",
            "type": "Microsoft.DataFactory/factories/linkedServices",
            "apiVersion": "2018-06-01",
            "properties": {
                "annotations": [],
                "type": "AzureBlobStorage",
                "typeProperties": {
                    "connectionString": {
                        "type": "AzureKeyVaultSecret",
                        "store": {
                            "referenceName": "AzureKeyVaultConnection",
                            "type": "LinkedServiceReference"
                        },
                        "secretName": "[parameters('AzureBlobStorageLinkedService_properties_typeProperties_connectionString_secretName')]"
                    }
                }
            },
            "dependsOn": [
                "[concat(variables('factoryId'), '/linkedServices/AzureKeyVaultConnection')]"
            ]
        },
        {
            "name": "[concat(parameters('factoryName'), '/ASQL_IMdb')]",
            "type": "Microsoft.DataFactory/factories/datasets",
            "apiVersion": "2018-06-01",
            "properties": {
                "linkedServiceName": {
                    "referenceName": "AzureSqlDatabaseIMdbProjectLinkedService",
                    "type": "LinkedServiceReference"
                },
                "parameters": {
                    "DestinationSchema": {
                        "type": "string",
                        "defaultValue": "DestinationSchema"
                    },
                    "DestinationTable": {
                        "type": "string",
                        "defaultValue": "DestinationTable"
                    }
                },
                "folder": {
                    "name": "IMdb_Datasets/ADLS to ASQL"
                },
                "annotations": [],
                "type": "AzureSqlTable",
                "schema": [],
                "typeProperties": {
                    "schema": {
                        "value": "@dataset().DestinationSchema",
                        "type": "Expression"
                    },
                    "table": {
                        "value": "@dataset().DestinationTable",
                        "type": "Expression"
                    }
                }
            },
            "dependsOn": [
                "[concat(variables('factoryId'), '/linkedServices/AzureSqlDatabaseIMdbProjectLinkedService')]"
            ]
        },
        {
            "name": "[concat(parameters('factoryName'), '/Blob_IMdb')]",
            "type": "Microsoft.DataFactory/factories/datasets",
            "apiVersion": "2018-06-01",
            "properties": {
                "linkedServiceName": {
                    "referenceName": "AzureBlobStorageLinkedService",
                    "type": "LinkedServiceReference"
                },
                "parameters": {
                    "Container": {
                        "type": "string",
                        "defaultValue": "Container"
                    },
                    "Folder": {
                        "type": "string",
                        "defaultValue": "Folder"
                    },
                    "DestinationFileName": {
                        "type": "string",
                        "defaultValue": "DestinationFileName"
                    }
                },
                "folder": {
                    "name": "IMdb_Datasets/HTTP To Blob"
                },
                "annotations": [],
                "type": "DelimitedText",
                "typeProperties": {
                    "location": {
                        "type": "AzureBlobStorageLocation",
                        "fileName": {
                            "value": "@dataset().DestinationFileName",
                            "type": "Expression"
                        },
                        "folderPath": {
                            "value": "@dataset().Folder",
                            "type": "Expression"
                        },
                        "container": {
                            "value": "@dataset().Container",
                            "type": "Expression"
                        }
                    },
                    "columnDelimiter": ",",
                    "escapeChar": "\\",
                    "quoteChar": "\""
                },
                "schema": []
            },
            "dependsOn": [
                "[concat(variables('factoryId'), '/linkedServices/AzureBlobStorageLinkedService')]"
            ]
        },
        {
            "name": "[concat(parameters('factoryName'), '/Binary_Blob_IMdb')]",
            "type": "Microsoft.DataFactory/factories/datasets",
            "apiVersion": "2018-06-01",
            "properties": {
                "linkedServiceName": {
                    "referenceName": "AzureBlobStorageLinkedService",
                    "type": "LinkedServiceReference"
                },
                "parameters": {
                    "SourceContainer": {
                        "type": "string",
                        "defaultValue": "SourceContainer"
                    },
                    "SourceFolder": {
                        "type": "string",
                        "defaultValue": "SourceFolder"
                    },
                    "SourceFile": {
                        "type": "string",
                        "defaultValue": "SourceFile"
                    }
                },
                "folder": {
                    "name": "IMdb_Datasets/Binary Datasets"
                },
                "annotations": [],
                "type": "Binary",
                "typeProperties": {
                    "location": {
                        "type": "AzureBlobStorageLocation",
                        "fileName": {
                            "value": "@dataset().SourceFile",
                            "type": "Expression"
                        },
                        "folderPath": {
                            "value": "@dataset().SourceFolder",
                            "type": "Expression"
                        },
                        "container": {
                            "value": "@dataset().SourceContainer",
                            "type": "Expression"
                        }
                    }
                }
            },
            "dependsOn": [
                "[concat(variables('factoryId'), '/linkedServices/AzureBlobStorageLinkedService')]"
            ]
        },
        {
            "name": "[concat(parameters('factoryName'), '/AzureSqlDatabaseToCosmos')]",
            "type": "Microsoft.DataFactory/factories/datasets",
            "apiVersion": "2018-06-01",
            "properties": {
                "linkedServiceName": {
                    "referenceName": "AzureSqlDatabaseIMdbProjectLinkedService",
                    "type": "LinkedServiceReference"
                },
                "folder": {
                    "name": "IMdb_Datasets/ASQL to Cosmos DB"
                },
                "annotations": [],
                "type": "AzureSqlTable",
                "schema": [],
                "typeProperties": {
                    "schema": "dbo",
                    "table": "RatedMovies"
                }
            },
            "dependsOn": [
                "[concat(variables('factoryId'), '/linkedServices/AzureSqlDatabaseIMdbProjectLinkedService')]"
            ]
        },
        {
            "name": "[concat(parameters('factoryName'), '/AzureSqlTable1')]",
            "type": "Microsoft.DataFactory/factories/datasets",
            "apiVersion": "2018-06-01",
            "properties": {
                "linkedServiceName": {
                    "referenceName": "AzureSqlDatabaseIMdbProjectLinkedService",
                    "type": "LinkedServiceReference"
                },
                "annotations": [],
                "type": "AzureSqlTable",
                "schema": [
                    {
                        "name": "tconst",
                        "type": "nvarchar"
                    },
                    {
                        "name": "titleType",
                        "type": "nvarchar"
                    },
                    {
                        "name": "primaryTitle",
                        "type": "nvarchar"
                    },
                    {
                        "name": "originalTitle",
                        "type": "nvarchar"
                    },
                    {
                        "name": "isAdult",
                        "type": "nvarchar"
                    },
                    {
                        "name": "startYear",
                        "type": "nvarchar"
                    },
                    {
                        "name": "endYear",
                        "type": "nvarchar"
                    },
                    {
                        "name": "runtimeMinutes",
                        "type": "nvarchar"
                    },
                    {
                        "name": "genres",
                        "type": "nvarchar"
                    },
                    {
                        "name": "averageRating",
                        "type": "nvarchar"
                    },
                    {
                        "name": "originalGenres",
                        "type": "nvarchar"
                    },
                    {
                        "name": "webLocation",
                        "type": "nvarchar"
                    }
                ],
                "typeProperties": {
                    "schema": "dbo",
                    "table": "RatedMoviesNew"
                }
            },
            "dependsOn": [
                "[concat(variables('factoryId'), '/linkedServices/AzureSqlDatabaseIMdbProjectLinkedService')]"
            ]
        }
    ]
}