{
    "$schema": "http://schema.management.azure.com/schemas/2015-01-01/deploymentTemplate.json#",
    "contentVersion": "1.0.0.0",
    "parameters": {
        "factoryName": {
            "type": "string",
            "metadata": "Data Factory name",
            "defaultValue": "dfIMdbProject"
        },
        "AzureDataLakeStorageIMdbProjectLinkedService_accountKey": {
            "type": "secureString",
            "metadata": "Secure string for 'accountKey' of 'AzureDataLakeStorageIMdbProjectLinkedService'"
        },
        "AzureDatabricks1_accessToken": {
            "type": "secureString",
            "metadata": "Secure string for 'accessToken' of 'AzureDatabricks1'"
        },
        "CosmosDbLinkedService_connectionString": {
            "type": "secureString",
            "metadata": "Secure string for 'connectionString' of 'CosmosDbLinkedService'"
        },
        "AzureTableStorage1_connectionString": {
            "type": "secureString",
            "metadata": "Secure string for 'connectionString' of 'AzureTableStorage1'"
        },
        "dbrickscluster_imdbproject_accessToken": {
            "type": "secureString",
            "metadata": "Secure string for 'accessToken' of 'dbrickscluster_imdbproject'"
        },
        "AzureDataLakeStorageIMdbProjectLinkedService_properties_typeProperties_url": {
            "type": "string",
            "defaultValue": "https://adlsimdbproject.dfs.core.windows.net"
        },
        "HttpIMdbProjectLinkedService_properties_typeProperties_url": {
            "type": "string",
            "defaultValue": "https://datasets.imdbws.com/"
        },
        "AzureKeyVaultConnection_properties_typeProperties_baseUrl": {
            "type": "string",
            "defaultValue": "https://kv-datapractice.vault.azure.net/"
        },
        "AzureSqlDatabaseIMdbProjectLinkedService_properties_typeProperties_connectionString_secretName": {
            "type": "string",
            "defaultValue": "sqldatabase"
        },
        "AzureBlobStorageLinkedService_properties_typeProperties_connectionString_secretName": {
            "type": "string",
            "defaultValue": "kv-saimdbproject"
        },
        "containerUri": {
            "type": "string",
            "metadata": "URI to storage account containing linked ARM templates"
        },
        "containerSasToken": {
            "type": "string",
            "metadata": "Sas token to storage account containing linked ARM templates"
        }
    },
    "variables": {
        "factoryId": "[concat('Microsoft.DataFactory/factories/', parameters('factoryName'))]"
    },
    "resources": [
        {
            "name": "dfIMdbProject_ArmTemplate_0",
            "type": "Microsoft.Resources/deployments",
            "apiVersion": "2018-02-01",
            "properties": {
                "mode": "incremental",
                "templateLink": {
                    "uri": "[concat(parameters('containerUri'), '/ArmTemplate_0.json', parameters('containerSasToken'))]",
                    "contentVersion": "1.0.0.0"
                },
                "parameters": {
                    "factoryName": {
                        "value": "[parameters('factoryName')]"
                    },
                    "AzureDataLakeStorageIMdbProjectLinkedService_accountKey": {
                        "value": "[parameters('AzureDataLakeStorageIMdbProjectLinkedService_accountKey')]"
                    },
                    "AzureDatabricks1_accessToken": {
                        "value": "[parameters('AzureDatabricks1_accessToken')]"
                    },
                    "CosmosDbLinkedService_connectionString": {
                        "value": "[parameters('CosmosDbLinkedService_connectionString')]"
                    },
                    "AzureTableStorage1_connectionString": {
                        "value": "[parameters('AzureTableStorage1_connectionString')]"
                    },
                    "dbrickscluster_imdbproject_accessToken": {
                        "value": "[parameters('dbrickscluster_imdbproject_accessToken')]"
                    },
                    "AzureDataLakeStorageIMdbProjectLinkedService_properties_typeProperties_url": {
                        "value": "[parameters('AzureDataLakeStorageIMdbProjectLinkedService_properties_typeProperties_url')]"
                    },
                    "HttpIMdbProjectLinkedService_properties_typeProperties_url": {
                        "value": "[parameters('HttpIMdbProjectLinkedService_properties_typeProperties_url')]"
                    },
                    "AzureKeyVaultConnection_properties_typeProperties_baseUrl": {
                        "value": "[parameters('AzureKeyVaultConnection_properties_typeProperties_baseUrl')]"
                    },
                    "AzureSqlDatabaseIMdbProjectLinkedService_properties_typeProperties_connectionString_secretName": {
                        "value": "[parameters('AzureSqlDatabaseIMdbProjectLinkedService_properties_typeProperties_connectionString_secretName')]"
                    },
                    "AzureBlobStorageLinkedService_properties_typeProperties_connectionString_secretName": {
                        "value": "[parameters('AzureBlobStorageLinkedService_properties_typeProperties_connectionString_secretName')]"
                    }
                }
            },
            "dependsOn": []
        },
        {
            "name": "dfIMdbProject_ArmTemplate_1",
            "type": "Microsoft.Resources/deployments",
            "apiVersion": "2018-02-01",
            "properties": {
                "mode": "incremental",
                "templateLink": {
                    "uri": "[concat(parameters('containerUri'), '/ArmTemplate_1.json', parameters('containerSasToken'))]",
                    "contentVersion": "1.0.0.0"
                },
                "parameters": {
                    "factoryName": {
                        "value": "[parameters('factoryName')]"
                    }
                }
            },
            "dependsOn": [
                "[resourceId('Microsoft.Resources/deployments', 'dfIMdbProject_ArmTemplate_0')]"
            ]
        }
    ]
}